Rk,Player,Pos,Age,Tm,G,GS,MP,FG,FGA,FG%,3P,3PA,3P%,2P,2PA,2P%,eFG%,FT,FTA,FT%,ORB,DRB,TRB,AST,STL,BLK,TOV,PF,PPG
1,Jaylen Adams,PG,23,POR,3,0,7,1,3,0.333,0,1.3,0,1,1.7,0.6,0.333,0,0,,0.3,0.7,1,0.7,0.3,0,0,0.3,2
2,Steven Adams,C,26,OKC,7,7,30,4.4,7.4,0.596,0,0.1,0,4.4,7.3,0.608,0.596,1.3,2.9,0.45,4.9,6.7,11.6,1.3,0.6,0.3,2.3,1.4,10.1
3,Bam Adebayo,PF,22,MIA,19,19,36.2,6.5,11.6,0.564,0,0.1,0,6.5,11.5,0.566,0.564,4.7,6.1,0.783,2.5,7.8,10.3,4.4,1,0.8,2.5,3.1,17.8
4,Jarrett Allen,C,21,BRK,4,4,33,3.5,6,0.583,0,0,,3.5,6,0.583,0.583,3.3,4,0.813,4.3,10.5,14.8,2.3,0.5,1.8,2.8,1.8,10.3
5,Justin Anderson,SG,26,BRK,3,0,9.3,1.7,4,0.417,1.7,3.7,0.455,0,0.3,0,0.625,1.3,1.3,1,0,2.7,2.7,1,0,0.3,0.7,0.7,6.3
6,Giannis Antetokounmpo,PF,25,MIL,9,9,30.8,10,17.9,0.559,1.4,4.4,0.325,8.6,13.4,0.636,0.599,5.2,9,0.58,3,10.8,13.8,5.7,0.7,0.9,3.3,3.4,26.7
7,Carmelo Anthony,PF,35,POR,5,5,35.2,5.6,13.6,0.412,1.6,3.8,0.421,4,9.8,0.408,0.471,2.4,2.8,0.857,0.2,4.8,5,2,1,0.4,2.6,4,15.2
8,OG Anunoby,SF,22,TOR,11,11,35.7,3.6,8,0.455,1.5,3.7,0.415,2.1,4.3,0.489,0.551,1.6,2.5,0.643,2.4,4.5,6.9,1.2,1,1.2,1.5,2.5,10.5
9,D.J. Augustin,PG,32,ORL,5,0,25.6,3.6,9.2,0.391,1.6,3.4,0.471,2,5.8,0.345,0.478,4.4,4.6,0.957,0,2,2,6,0.2,0,2.4,1.2,13.2
10,J.J. Barea,PG,35,DAL,1,0,5,0,1,0,0,0,,0,1,0,0,3,3,1,0,0,0,0,0,0,1,1,3
11,Keita Bates-Diop,SF,24,DEN,5,0,4.8,0.2,1,0.2,0,0,,0.2,1,0.2,0.2,0.2,0.4,0.5,0.6,0.6,1.2,0.2,0,0,0,0,0.6
12,Darius Bazley,PF,19,OKC,7,0,18,1.9,4.4,0.419,1.6,3.1,0.5,0.3,1.3,0.222,0.597,1.3,1.4,0.9,0.3,6.4,6.7,0.9,0,0.4,0.9,0.3,6.6
13,Patrick Beverley,PG,31,LAC,8,8,20.8,2.5,4.9,0.513,1,2.8,0.364,1.5,2.1,0.706,0.615,0.3,0.5,0.5,1.1,3,4.1,2.4,1,0.4,0.9,3.9,6.3
14,Khem Birch,C,27,ORL,5,0,17.8,1.4,2.8,0.5,0,0,,1.4,2.8,0.5,0.5,2,2.2,0.909,1.8,3.2,5,1.4,0.2,0,1,2.2,4.8
15,Eric Bledsoe,PG,30,MIL,9,9,29.7,4.2,10.9,0.388,0.9,3.6,0.25,3.3,7.3,0.455,0.429,2.3,2.9,0.808,0.6,4,4.6,5.9,1.2,0.7,2.6,2.2,11.7
16,Bol Bol,PF,20,DEN,4,0,5.3,1.3,2.3,0.556,0.5,0.8,0.667,0.8,1.5,0.5,0.667,1.8,2,0.875,0.8,0.5,1.3,0,0.5,0.5,0.5,0.3,4.8
17,Chris Boucher,C,27,TOR,7,0,6.1,0.4,1.6,0.273,0.3,0.7,0.4,0.1,0.9,0.167,0.364,0,0.1,0,0.4,1.3,1.7,0.1,0,0.3,0.1,0.7,1.1
18,Tony Bradley,C,22,UTA,6,0,8,0.3,1.5,0.222,0,0,,0.3,1.5,0.222,0.222,0.8,1.2,0.714,1.7,2.2,3.8,0.2,0.3,0.3,0.7,0.7,1.5
19,Jarrell Brantley,PF,23,UTA,2,0,6.5,0,2.5,0,0,1.5,0,0,1,0,0,0.5,1,0.5,1.5,0.5,2,1,0,0.5,0.5,2,0.5
20,Malcolm Brogdon,PG,27,IND,4,4,40,6.5,16.3,0.4,2.3,6,0.375,4.3,10.3,0.415,0.469,6.3,7,0.893,0,4.3,4.3,10,1,0,2.5,2.5,21.5
21,Jaylen Brown,SG,23,BOS,17,17,39.5,8.1,16.9,0.476,2.5,7.1,0.358,5.5,9.9,0.56,0.55,3.1,3.7,0.841,1.4,6.1,7.5,2.3,1.5,0.5,2.4,2.8,21.8
22,Sterling Brown,SF,24,MIL,1,0,4,0,1,0,0,1,0,0,0,,0,0,0,,0,1,1,0,0,0,0,0,0
23,Trey Burke,PG,27,DAL,6,3,26,5,9.8,0.508,1.3,2.8,0.471,3.7,7,0.524,0.576,1,1.7,0.6,0.3,2.8,3.2,2,1.3,0.3,1,2.3,12.3
24,Alec Burks,SG,28,PHI,4,0,23.8,4,12.3,0.327,0.8,4,0.188,3.3,8.3,0.394,0.357,1.8,2.3,0.778,1.8,2,3.8,1.8,0.3,0.8,0.8,1.8,10.5
25,Deonte Burton,SF,26,OKC,1,0,2,0,0,,0,0,,0,0,,,0,0,,0,0,0,0,0,0,0,0,0
26,Jimmy Butler,SF,30,MIA,21,21,38.4,6.9,14,0.488,0.7,2,0.349,6.1,12,0.512,0.514,7.8,9.1,0.859,2.2,4.3,6.5,6,2,0.7,2.8,1.8,22.2
27,Bruno Caboclo,C,24,HOU,2,0,3.5,0.5,1,0.5,0,0.5,0,0.5,0.5,1,0.5,0,0,,0,1.5,1.5,0,0.5,0,0,1,1
28,Kentavious Caldwell-Pope,SG,26,LAL,21,21,29,3.8,9,0.418,2.1,5.7,0.378,1.6,3.3,0.486,0.537,1,1.3,0.815,0.4,1.7,2.1,1.3,1,0.2,0.7,1.9,10.7
29,DeMarre Carroll,C,33,HOU,2,0,3,0.5,1,0.5,0,0,,0.5,1,0.5,0.5,0,0,,0,1.5,1.5,0.5,0,0,0,0.5,1
30,Alex Caruso,PG,25,LAL,21,1,24.3,2.3,5.4,0.425,0.8,2.9,0.279,1.5,2.5,0.596,0.5,1.1,1.4,0.8,0.7,1.6,2.3,2.8,1.1,0.6,1.5,2.6,6.5
31,Tyson Chandler,C,37,HOU,1,0,0,0,0,,0,0,,0,0,,,0,2,0,0,0,0,0,0,0,0,0,0
32,Chris Chiozza,PG,24,BRK,4,0,16.3,2,6,0.333,1.3,4,0.313,0.8,2,0.375,0.438,0.5,1,0.5,0.3,1.3,1.5,4.3,1.3,0,0.8,1.8,5.8
33,Gary Clark,SF,25,ORL,5,5,28.8,2.2,6.6,0.333,2.2,6.4,0.344,0,0.2,0,0.5,0.8,1,0.8,0.8,4.8,5.6,1.4,1,0.4,0.4,1.4,7.4
34,Jordan Clarkson,SG,27,UTA,7,0,28.6,6.4,13.9,0.464,2.4,7,0.347,4,6.9,0.583,0.552,1.4,1.4,1,0.3,3.1,3.4,2.1,0.9,0,1,2.1,16.7
35,Chris Clemons,SG,22,HOU,2,0,4,1,2.5,0.4,1,2.5,0.4,0,0,,0.6,0.5,1,0.5,0,1,1,0,0,0,0,0,3.5
36,Antonius Cleveland,SG,25,DAL,2,0,4.5,1,2.5,0.4,0,0,,1,2.5,0.4,0.4,0,0,,0.5,0,0.5,0,0.5,0,0,0.5,2
37,Amir Coffey,SG,22,LAC,3,0,2.3,0,1,0,0,0.3,0,0,0.7,0,0,0.7,0.7,1,0,0,0,1.3,0.3,0,0,0,0.7
38,Mike Conley,PG,32,UTA,5,5,33,6.2,12.8,0.484,3.6,6.8,0.529,2.6,6,0.433,0.625,3.8,4.4,0.864,0.6,2.2,2.8,5.2,1.6,0.2,1,2,19.8
39,Pat Connaughton,SG,27,MIL,10,0,17.1,1.5,3.5,0.429,0.8,2.3,0.348,0.7,1.2,0.583,0.543,0.2,0.2,1,0.5,3.4,3.9,1.1,0.2,0.2,0.5,1.2,4
40,Quinn Cook,PG,26,LAL,6,0,4,0.8,1.7,0.5,0.3,0.7,0.5,0.5,1,0.5,0.6,0.2,0.2,1,0,0.2,0.2,0.8,0,0,0.2,0.2,2.2
41,Tyler Cook,SF,22,DEN,1,0,4,0,0,,0,0,,0,0,,,0,0,,0,2,2,0,0,0,0,0,0
42,Robert Covington,C,29,HOU,12,12,31.6,3.9,7.9,0.495,2.8,5.7,0.5,1.1,2.3,0.481,0.674,0.5,0.6,0.857,0.7,4.3,5,1.3,2.5,1.1,1,3.8,11.2
43,Torrey Craig,SF,29,DEN,19,3,19.7,1.7,4.1,0.423,0.6,2.2,0.262,1.2,1.9,0.611,0.494,0.5,0.7,0.692,0.7,2.6,3.3,0.7,0.4,0.4,0.5,2.3,4.5
44,Jae Crowder,PF,29,MIA,21,21,31.4,3.9,9.6,0.403,2.6,7.7,0.342,1.2,1.9,0.65,0.54,1.7,2.2,0.761,0.5,5,5.6,1.9,0.7,0.6,0.7,2.6,12
45,Seth Curry,SG,29,DAL,6,0,28.8,5.2,8.8,0.585,1.7,3.5,0.476,3.5,5.3,0.656,0.679,0.8,0.8,1,0.3,1.5,1.8,1.3,1,0,1.3,2.3,12.8
46,Troy Daniels,SG,28,DEN,6,0,5,1,2,0.5,0.5,1,0.5,0.5,1,0.5,0.625,0.2,0.3,0.5,0.2,0.3,0.5,0.3,0,0,0,0.3,2.7
47,Anthony Davis,PF,26,LAL,21,21,36.6,9.8,17.1,0.571,1.1,2.9,0.383,8.7,14.2,0.609,0.603,7.1,8.5,0.832,2.6,7.1,9.7,3.5,1.2,1.4,2.5,2.7,27.7
48,Terence Davis,SG,22,TOR,6,0,14,2.3,4.8,0.483,1.3,3.2,0.421,1,1.7,0.6,0.621,1.2,1.2,1,0.3,1.8,2.2,1.2,0.2,0,1,1.8,7.2
49,Hamidou Diallo,SF,21,OKC,3,0,8.3,1.3,3.7,0.364,0.3,1.7,0.2,1,2,0.5,0.409,1.3,2.3,0.571,0.7,1.3,2,0.3,0,0.7,0.7,0,4.3
50,Donte DiVincenzo,SG,23,MIL,10,1,16.5,2.3,5.1,0.451,0.7,2.1,0.333,1.6,3,0.533,0.52,1.3,2,0.65,0.8,2.4,3.2,1.2,0.7,0.3,1,2.1,6.6
51,Luka Dončić,PG,20,DAL,6,6,35.8,10.7,21.3,0.5,2.7,7.3,0.364,8,14,0.571,0.563,7,10.7,0.656,0.7,9.2,9.8,8.7,1.2,0.5,5.2,2.8,31
52,Luguentz Dort,SF,20,OKC,6,6,29.2,4.5,12.7,0.355,2.2,8.3,0.26,2.3,4.3,0.538,0.441,1.3,2.5,0.533,0.8,2.8,3.7,1,0.3,1,2.5,4.2,12.5
53,PJ Dozier,SG,23,DEN,12,0,10.4,1.2,2.8,0.424,0.2,0.7,0.25,1,2.1,0.48,0.455,0.7,1.2,0.571,0.2,1.3,1.5,1,0.2,0.2,0.7,1.1,3.2
54,Goran Dragić,PG,33,MIA,17,16,32.5,7,15.8,0.444,2.2,6.3,0.346,4.8,9.5,0.509,0.513,2.9,3.6,0.803,0.8,3.3,4.1,4.4,1,0.1,2.3,2.9,19.1
55,Jared Dudley,PF,34,LAL,9,0,3.4,0,0.4,0,0,0.3,0,0,0.1,0,0,0,0,,0,0.2,0.2,0,0.4,0.1,0.2,0.2,0
56,Carsen Edwards,SG,21,BOS,1,0,3,0,0,,0,0,,0,0,,,0,0,,0,1,1,0,0,0,0,0,0
57,Joel Embiid,C,25,PHI,4,4,36.3,8.5,18.5,0.459,1,4,0.25,7.5,14.5,0.517,0.486,12,14.8,0.814,2.8,9.5,12.3,1.3,1.5,1.3,3.8,4.5,30
58,James Ennis III,SG,29,ORL,5,5,23.8,2.4,7,0.343,0.8,3.2,0.25,1.6,3.8,0.421,0.4,1.4,1.8,0.778,1.2,4.6,5.8,1.2,1,0.4,1.2,3.8,7
59,Tacko Fall,C,24,BOS,2,0,1.5,0.5,0.5,1,0,0,,0.5,0.5,1,1,0.5,1,0.5,0,0.5,0.5,0,0,0,0,0,1.5
60,Terrance Ferguson,SF,21,OKC,4,1,10.5,0.5,2.8,0.182,0.5,2.5,0.2,0,0.3,0,0.273,0,0,,0.3,0.8,1,0.3,0.3,0,0.3,0.8,1.5
61,Dorian Finney-Smith,PF,26,DAL,6,6,31.8,3.8,8.7,0.442,1.8,5,0.367,2,3.7,0.545,0.548,0.7,0.8,0.8,2,3.7,5.7,3.2,1.2,0.5,1.5,3.7,10.2
62,Evan Fournier,SF,27,ORL,5,5,34.2,4,11.4,0.351,2.4,7,0.343,1.6,4.4,0.364,0.456,2.4,3.4,0.706,0.6,3.4,4,2.6,1.2,0.6,1.8,2,12.8
63,Michael Frazier,SG,25,HOU,4,0,3,0.3,1,0.25,0.3,0.5,0.5,0,0.5,0,0.375,0,0,,0.3,0.8,1,0.5,0,0,0.3,0,0.8
64,Enes Freedom,C,27,BOS,11,0,9.3,2,3.8,0.524,0.1,0.1,1,1.9,3.7,0.512,0.536,0.5,0.9,0.5,1.7,2.2,3.9,0.6,0,0,0.4,1.7,4.5
65,Markelle Fultz,PG,21,ORL,5,5,29.4,4.8,12,0.4,1.2,3.2,0.375,3.6,8.8,0.409,0.45,1.2,1.4,0.857,0,2.2,2.2,5.2,1,0.6,2.6,4,12
66,Wenyen Gabriel,PF,22,POR,4,2,13.3,2.3,3.8,0.6,0.5,1.3,0.4,1.8,2.5,0.7,0.667,0.3,0.5,0.5,1.8,0.8,2.5,1,0.5,0.5,1.3,4,5.3
67,Danilo Gallinari,PF,31,OKC,7,7,30.3,4.6,11.3,0.405,1.7,5.3,0.324,2.9,6,0.476,0.481,4.1,4.3,0.967,0.7,4.7,5.4,1,0.7,0.1,2.1,1.6,15
68,Marc Gasol,C,35,TOR,11,11,20.7,2.3,5.8,0.391,0.5,2.5,0.185,1.8,3.4,0.541,0.43,1,1.4,0.733,0.4,4,4.4,2.6,0.5,0.6,1.5,2.9,6
69,Paul George,SF,29,LAC,13,13,36.8,6.8,17,0.398,2.8,8.5,0.333,3.9,8.5,0.464,0.482,3.8,4.2,0.909,1.1,5,6.1,3.8,1.5,0.5,3.1,3.8,20.2
70,Shai Gilgeous-Alexander,SG,21,OKC,7,7,39.9,5.6,12.9,0.433,2,5,0.4,3.6,7.9,0.455,0.511,3.1,3.3,0.957,0.4,4.9,5.3,4.1,1,0.4,2.1,2.4,16.3
71,Rudy Gobert,C,27,UTA,7,7,38.6,6.9,10.6,0.649,0,0,,6.9,10.6,0.649,0.649,3.1,6,0.524,3.4,8,11.4,1.1,0.6,1.4,1.3,3.7,16.9
72,Eric Gordon,SF,31,HOU,12,12,34.2,6,14.7,0.409,2.4,7.5,0.322,3.6,7.2,0.5,0.491,2.9,3.3,0.875,0.5,2.2,2.7,3,0.8,0.6,2,2.2,17.3
73,Jerami Grant,PF,25,DEN,19,16,34.4,3.7,9.2,0.406,1.6,5,0.326,2.1,4.2,0.5,0.494,2.5,2.8,0.889,0.4,2.9,3.3,1.3,0.6,0.8,1.3,3.1,11.6
74,Danny Green,SG,32,LAL,21,21,25,2.8,8.1,0.347,1.9,5.5,0.339,1,2.6,0.364,0.462,0.5,0.7,0.667,1.2,2,3.1,1.2,1,0.8,0.6,2.3,8
75,JaMychal Green,PF,29,LAC,13,0,17.1,2.4,4.2,0.564,0.8,1.8,0.435,1.6,2.5,0.656,0.655,0.5,0.7,0.778,1,2.8,3.8,0.5,0.2,0.2,0.4,2.2,6.1
76,Javonte Green,SG,26,BOS,1,0,6,1,2,0.5,1,2,0.5,0,0,,0.75,0,0,,0,1,1,0,0,0,0,1,3
77,Jeff Green,C,33,HOU,12,0,28.4,4.3,8.6,0.495,1.9,4.5,0.426,2.3,4.1,0.571,0.607,1.2,1.4,0.824,0.4,4.6,5,1.6,0.5,0.5,1.3,2.3,11.6
78,Donta Hall,C,22,BRK,3,0,6.7,1,1.7,0.6,0,0,,1,1.7,0.6,0.6,0.3,1.3,0.25,1,0.7,1.7,0,0,0.7,0.3,0.3,2.3
79,Tim Hardaway Jr.,SG,27,DAL,6,6,34,6.7,15.8,0.421,3.2,9,0.352,3.5,6.8,0.512,0.521,1.3,1.8,0.727,0.5,3,3.5,1.8,0.3,0,0.5,2.7,17.8
80,James Harden,SG,30,HOU,12,12,37.3,9.1,19,0.478,3.3,9.8,0.333,5.8,9.3,0.631,0.564,8.2,9.7,0.845,1,4.6,5.6,7.7,1.5,0.8,3.8,3.6,29.6
81,Montrezl Harrell,C,26,LAC,13,0,18.7,3.6,6.3,0.573,0.1,0.4,0.2,3.5,5.9,0.597,0.579,3.2,5.2,0.603,0.8,2.1,2.9,0.4,0.4,0.5,0.9,2.2,10.5
82,Gary Harris,SG,25,DEN,14,12,27.1,2.4,6.4,0.378,1.4,3.7,0.365,1.1,2.7,0.395,0.483,1.2,1.6,0.773,0.5,1.5,2,1.7,1.1,0.3,1.5,3.2,7.4
83,Joe Harris,SF,28,BRK,2,2,36,6,11.5,0.522,3.5,6,0.583,2.5,5.5,0.455,0.674,1,2,0.5,1,9,10,1,0.5,0,1.5,4.5,16.5
84,Tobias Harris,PF,27,PHI,4,4,37.3,5.8,15,0.383,0.5,3.8,0.133,5.3,11.3,0.467,0.4,3.8,4.8,0.789,3.5,6,9.5,4,0.5,0.3,1.3,2.8,15.8
85,Gordon Hayward,SF,29,BOS,5,1,31.4,4,10,0.4,1.4,4.8,0.292,2.6,5.2,0.5,0.47,1.4,1.6,0.875,0.6,3.4,4,2.8,1.4,0.4,1.4,2,10.8
86,Tyler Herro,SG,20,MIA,21,5,33.6,5.7,13.2,0.433,2.3,6.1,0.375,3.4,7.1,0.483,0.52,2.2,2.6,0.87,0.3,4.8,5.1,3.7,0.4,0.1,2,1.5,16
87,Mario Hezonja,PF,24,POR,5,0,13.6,1.8,4.4,0.409,0.4,1.4,0.286,1.4,3,0.467,0.455,0.6,0.8,0.75,0.4,2.8,3.2,1.2,0.6,0,0.6,1.6,4.6
88,George Hill,PG,33,MIL,10,1,26.8,3.2,6.7,0.478,1,2.8,0.357,2.2,3.9,0.564,0.552,2.1,2.6,0.808,0.5,1.9,2.4,3.1,0.6,0,1.6,1.7,9.5
89,Solomon Hill,PF,28,MIA,7,0,6,0.7,1.3,0.556,0.3,0.9,0.333,0.4,0.4,1,0.667,0,0,,0.1,0.9,1,0.4,0.1,0,0,0.7,1.7
90,Jaylen Hoard,PF,20,POR,3,0,13.7,2.3,4,0.583,0,0,,2.3,4,0.583,0.583,0,0,,1.7,1.3,3,0.3,0,0,0.7,1.7,4.7
91,Aaron Holiday,PG,23,IND,4,2,18,3,5.3,0.571,1,2.3,0.444,2,3,0.667,0.667,0.8,1.3,0.6,0.3,1,1.3,2.5,1,0,1,2.5,7.8
92,Justin Holiday,SF,30,IND,4,2,32.8,2.5,5.3,0.476,2,4,0.5,0.5,1.3,0.4,0.667,0.3,0.8,0.333,1,2.8,3.8,0.8,1.5,1.3,0.8,2,7.3
93,Rondae Hollis-Jefferson,PF,25,TOR,5,0,7.8,0.8,2,0.4,0,0.2,0,0.8,1.8,0.444,0.4,1.2,1.6,0.75,1,1,2,0.6,0.4,0.2,0.2,1,2.8
94,Al Horford,C,33,PHI,4,3,32.3,3,6.3,0.48,0,1,0,3,5.3,0.571,0.48,1,1.8,0.571,2.3,5,7.3,2.3,0.3,1.3,0.8,3.5,7
95,Talen Horton-Tucker,SG,19,LAL,2,0,8.5,3,6,0.5,1,2.5,0.4,2,3.5,0.571,0.583,0,0,,0,2.5,2.5,0,1,0,0,2,7
96,Danuel House Jr.,SF,26,HOU,9,4,31,4.1,9.4,0.435,2.1,5.9,0.358,2,3.6,0.563,0.547,1.1,1.4,0.769,1.1,4.7,5.8,1.4,0.9,0,0.8,2.4,11.4
97,Dwight Howard,C,34,LAL,18,7,15.7,2.2,3.2,0.684,0.1,0.1,0.5,2.1,3.1,0.691,0.693,1.4,2.5,0.556,1.8,2.8,4.6,0.5,0.4,0.4,0.9,3.1,5.8
98,Serge Ibaka,C,30,TOR,11,0,22.8,5.7,10,0.573,2.1,4.1,0.511,3.6,5.9,0.615,0.677,1.3,1.3,1,1.5,6.2,7.7,1.2,0.2,1.3,1.1,2.5,14.8
99,Andre Iguodala,SF,36,MIA,21,0,19.5,1.4,3.1,0.462,0.7,1.9,0.359,0.8,1.2,0.615,0.569,0.2,0.3,0.714,0.5,2,2.6,1.5,0.8,0.6,0.7,2.1,3.8
100,Ersan İlyasova,PF,32,MIL,3,0,7.7,1,3,0.333,0.3,1.7,0.2,0.7,1.3,0.5,0.389,0.7,0.7,1,0,1.3,1.3,0,0.7,0,0.3,1,3
101,Joe Ingles,PF,32,UTA,7,7,33.4,3.1,7.7,0.407,2,5.7,0.35,1.1,2,0.571,0.537,0.9,0.9,1,0.1,3.3,3.4,4.7,0.6,0.1,0.6,2.1,9.1
102,Wes Iwundu,SF,25,ORL,5,0,15.2,1.2,4,0.3,0.8,1.4,0.571,0.4,2.6,0.154,0.4,1,1.6,0.625,0.2,2,2.2,0.8,0.6,0.4,0.6,1,4.2
103,Justin Jackson,PF,24,DAL,3,0,5.3,0.3,2,0.167,0,1,0,0.3,1,0.333,0.167,0.7,1.3,0.5,0,1,1,0,0,0,0,0.3,1.3
104,Reggie Jackson,SG,29,LAC,12,1,14.2,1.8,4,0.438,1.4,2.7,0.531,0.3,1.3,0.25,0.615,0,0,,0.2,1.6,1.8,0.9,0.2,0.1,0.4,1.5,4.9
105,LeBron James,SF,35,LAL,21,21,36.3,10.2,18.2,0.56,2.1,5.7,0.37,8.1,12.5,0.646,0.618,5.1,7.1,0.72,1.3,9.4,10.8,8.8,1.2,0.9,4,1.9,27.6
106,Alize Johnson,PF,23,IND,1,0,0,0,0,,0,0,,0,0,,,0,0,,0,0,0,0,0,0,0,0,0
107,B.J. Johnson,SF,24,ORL,1,0,4,1,2,0.5,1,1,1,0,1,0,0.75,0,0,,0,2,2,0,0,0,0,0,3
108,Stanley Johnson,PF,23,TOR,3,0,6.7,1.7,3.7,0.455,0.7,1.7,0.4,1,2,0.5,0.545,0.3,0.3,1,0.3,1,1.3,2,0,0,0.3,1,4.3
109,Tyler Johnson,SG,27,BRK,4,2,23.3,5.3,11.5,0.457,2.8,7,0.393,2.5,4.5,0.556,0.576,0.5,0.5,1,0,1.8,1.8,2.3,0,0.3,0.8,2.8,13.8
110,Nikola Jokić,C,24,DEN,19,19,36.5,9.4,18.1,0.519,2.2,5.2,0.429,7.2,12.9,0.555,0.58,3.5,4.2,0.835,1.9,7.9,9.8,5.7,1.1,0.8,3.3,3.6,24.4
111,Derrick Jones Jr.,SF,22,MIA,15,0,6.5,0.5,1.1,0.471,0.3,0.6,0.444,0.3,0.5,0.5,0.588,0.1,0.3,0.4,0.4,0.4,0.8,0.5,0.4,0.3,0.1,0.8,1.5
112,Michael Kidd-Gilchrist,PF,26,DAL,6,0,9.2,0.7,2.3,0.286,0.3,1.5,0.222,0.3,0.8,0.4,0.357,0.7,1,0.667,0.3,0.7,1,0.5,0.2,0.2,0.2,1.3,2.3
113,Maxi Kleber,PF,28,DAL,6,6,33.8,2.2,6.5,0.333,0.8,4.3,0.192,1.3,2.2,0.615,0.397,1.5,2,0.75,1.7,4.8,6.5,1.5,0.3,1.2,0.7,3.3,6.7
114,Furkan Korkmaz,SG,22,PHI,4,0,10,0,1.8,0,0,1.5,0,0,0.3,0,0,0.8,1.3,0.6,0,1.5,1.5,0.5,0.3,0,0.5,0.8,0.8
115,Kyle Korver,SF,38,MIL,10,0,11.9,2,4.7,0.426,1.5,3.7,0.405,0.5,1,0.5,0.585,0.7,0.7,1,0.1,0.7,0.8,0.1,0.3,0.1,0.5,0.9,6.2
116,Rodions Kurucs,PF,21,BRK,4,1,14.5,2.8,5,0.55,0,2,0,2.8,3,0.917,0.55,0,0.5,0,0.8,2.5,3.3,0.8,0.3,0.5,0.8,2.3,5.5
117,Kyle Kuzma,PF,24,LAL,21,0,23,3.7,8.5,0.43,1.2,4,0.313,2.4,4.6,0.531,0.503,1.4,1.8,0.784,0.9,2.2,3.1,0.8,0.3,0.3,1,2.4,10
118,Romeo Langford,SG,20,BOS,7,0,6.6,0.6,1.4,0.4,0.1,0.3,0.5,0.4,1.1,0.375,0.45,0.1,0.3,0.5,0,0.4,0.4,0.3,0.1,0,0.3,0.6,1.4
119,Vic Law,PF,24,ORL,1,0,4,1,1,1,1,1,1,0,0,,1.5,0,0,,0,2,2,1,0,0,0,0,3
120,Kawhi Leonard,SF,28,LAC,13,13,39.3,10.1,20.6,0.489,1.8,5.6,0.329,8.2,15,0.549,0.534,6.2,7.2,0.862,1.8,7.5,9.3,5.5,2.3,0.8,2.5,2.2,28.2
121,Meyers Leonard,C,27,MIA,3,2,10.3,1.7,2.7,0.625,0.7,1.3,0.5,1,1.3,0.75,0.75,0.7,0.7,1,0,0.3,0.3,1,0.3,0,0,1.3,4.7
122,Caris LeVert,SG,25,BRK,4,4,35,6.8,18.3,0.37,2.3,5.3,0.429,4.5,13,0.346,0.432,4.5,6.3,0.72,2,4,6,9.5,1.3,0.3,3.3,1.8,20.3
123,Damian Lillard,PG,29,POR,4,4,35.8,6.5,16,0.406,3.3,8.3,0.394,3.3,7.8,0.419,0.508,8,8.3,0.97,0.3,3.3,3.5,4.3,0.5,0.3,3.5,1,24.3
124,Brook Lopez,C,31,MIL,10,10,32.8,6.1,11.4,0.535,2.1,5.3,0.396,4,6.1,0.656,0.627,1.5,2,0.75,1.9,3.6,5.5,0.5,1,1.3,1.2,2.7,15.8
125,Robin Lopez,C,31,MIL,3,0,7,1,1.3,0.75,0,0,,1,1.3,0.75,0.75,0,0,,0,1.3,1.3,0,0,0,0,0.7,2
126,Kyle Lowry,PG,33,TOR,11,11,37.5,5.6,13.5,0.419,2.1,6.5,0.319,3.5,6.9,0.513,0.497,4.4,5.5,0.8,0.7,5.8,6.5,5.8,1.7,0.7,2.5,3.6,17.7
127,Timothé Luwawu-Cabarrot,SF,24,BRK,4,3,32.8,5,14.8,0.339,3.3,9.8,0.333,1.8,5,0.35,0.449,2.8,3,0.917,0.3,3.5,3.8,1.5,0.8,0,2,3.5,16
128,Terance Mann,SF,23,LAC,13,0,2.1,0.2,0.4,0.4,0,0.2,0,0.2,0.2,0.667,0.4,0,0,,0,0.5,0.5,0.1,0.1,0,0.2,0.3,0.3
129,Boban Marjanović,C,31,DAL,6,0,13.7,2.8,5,0.567,0,0.2,0,2.8,4.8,0.586,0.567,1.2,1.5,0.778,1,4.8,5.8,0.8,0,0.3,0.5,1.5,6.8
130,Jeremiah Martin,PG,23,BRK,3,0,9,1.3,4.7,0.286,1,1.7,0.6,0.3,3,0.111,0.393,0.3,0.3,1,0,1,1,1.3,0,0.3,0.7,0.7,4
131,Frank Mason III,PG,25,MIL,2,0,1,0,0,,0,0,,0,0,,,0,0,,0,0,0,0.5,0,0,0,0,0
132,Wesley Matthews,SG,33,MIL,10,10,24.6,2.4,5.7,0.421,1.7,4.3,0.395,0.7,1.4,0.5,0.57,0.7,1,0.7,0.6,1.2,1.8,0.9,0.9,0.4,0.7,2,7.2
133,CJ McCollum,SG,28,POR,5,5,39.2,8.8,19.8,0.444,2.6,7,0.371,6.2,12.8,0.484,0.51,3,4.4,0.682,1,4.8,5.8,3.2,1.2,0.4,3,2,23.2
134,T.J. McConnell,PG,27,IND,3,0,9.3,1,2.7,0.375,0,0,,1,2.7,0.375,0.375,0.3,0.7,0.5,0,2,2,2.3,0,0,0.7,1.3,2.3
135,Doug McDermott,PF,28,IND,4,0,13.5,1,3.8,0.267,0.5,2.5,0.2,0.5,1.3,0.4,0.333,0,0,,0,0.8,0.8,0.3,0.3,0,0.3,0.8,2.5
136,JaVale McGee,C,32,LAL,14,11,9.6,1.4,2.3,0.625,0,0.1,0,1.4,2.1,0.667,0.625,0.1,0.1,0.5,1.1,2,3.1,0.5,0.1,0.7,0.6,1.6,2.9
137,Rodney McGruder,SG,28,LAC,5,0,3.2,0.6,1,0.6,0.4,0.6,0.667,0.2,0.4,0.5,0.8,0,0,,0.2,0.6,0.8,0.4,0,0,0,0,1.6
138,Ben McLemore,SF,26,HOU,11,0,11.8,1.4,3.6,0.375,1.3,3.3,0.389,0.1,0.4,0.25,0.55,0,0,,0.2,0.8,1,0.5,0.4,0,0.3,0.7,4
139,Khris Middleton,SF,28,MIL,10,10,35.5,7.1,18,0.394,2.3,6.5,0.354,4.8,11.5,0.417,0.458,3.8,4.6,0.826,0.5,6.4,6.9,6,1.1,0.2,3.4,4.1,20.3
140,Malcolm Miller,SF,26,TOR,1,0,5,1,3,0.333,1,1,1,0,2,0,0.5,0,0,,0,0,0,0,0,0,0,2,3
141,Paul Millsap,PF,34,DEN,19,19,24.2,2.5,6.2,0.398,0.8,2.3,0.341,1.7,3.9,0.432,0.462,2.3,2.8,0.796,1.4,3.3,4.7,1.2,0.6,0.5,1.3,2.6,8
142,Shake Milton,SG,23,PHI,4,4,31.5,5.3,11,0.477,2.5,6.3,0.4,2.8,4.8,0.579,0.591,1.5,1.8,0.857,0.3,3,3.3,2.8,0.5,0,1.5,3.3,14.5
143,Donovan Mitchell,SG,23,UTA,7,7,37.7,11.9,22.4,0.529,4.7,9.1,0.516,7.1,13.3,0.538,0.634,7.9,8.3,0.948,0.9,4.1,5,4.9,1,0.3,4.1,1.6,36.3
144,Juwan Morgan,PF,22,UTA,7,2,12.3,0.4,1.7,0.25,0.3,1.4,0.2,0.1,0.3,0.5,0.333,0.3,0.9,0.333,0.9,2.1,3,0.7,0.3,0,0.1,1.6,1.4
145,Marcus Morris,PF,30,LAC,13,13,29.8,4.3,8.5,0.505,2.2,4.5,0.475,2.2,4,0.538,0.631,1,1.1,0.929,0.8,4,4.8,1.6,0.8,0.1,0.7,3,11.8
146,Markieff Morris,PF,30,LAL,21,2,18.3,2.1,4.7,0.449,1.4,3.3,0.42,0.7,1.4,0.517,0.597,0.3,0.4,0.778,0.6,2.5,3,1,0.3,0.1,0.8,2.6,5.9
147,Monte Morris,PG,24,DEN,19,4,21.4,3.5,7,0.496,0.6,2.1,0.3,2.8,4.9,0.581,0.541,1.5,1.8,0.824,0.2,1.3,1.5,2.7,0.6,0.1,0.5,1.1,9.1
148,Emmanuel Mudiay,PG,23,UTA,3,0,11.3,1.7,4.7,0.357,0.7,1,0.667,1,3.7,0.273,0.429,0.3,0.7,0.5,0.3,1.7,2,0.7,0,0.3,0.3,0,4.3
149,Jamal Murray,PG,22,DEN,19,19,39.6,9.8,19.4,0.505,3.3,7.2,0.453,6.5,12.2,0.537,0.59,3.7,4.1,0.897,1.1,3.8,4.8,6.6,0.9,0.3,2.8,2.2,26.5
150,Džanan Musa,SF,20,BRK,3,0,13,0.7,3.7,0.182,0,2,0,0.7,1.7,0.4,0.182,3.3,4.7,0.714,0.3,0.7,1,1.3,0,0.3,1,0.7,4.7
151,Mike Muscala,C,28,OKC,2,0,10,0.5,1,0.5,0.5,0.5,1,0,0.5,0,0.75,0,0,,0,2,2,0.5,0,0,0,1,1.5
152,Abdel Nader,SF,26,OKC,3,0,8.3,0.3,2.3,0.143,0.3,1.7,0.2,0,0.7,0,0.214,0.3,0.7,0.5,0.3,0.7,1,0,0.3,0.7,0,0.3,1.3
153,Raul Neto,PG,27,PHI,2,0,13,1.5,4.5,0.333,1,2.5,0.4,0.5,2,0.25,0.444,0,0,,0,1.5,1.5,1.5,0.5,0,0.5,0,4
154,Georges Niang,PF,26,UTA,7,0,16.3,3.1,6.3,0.5,1.7,4.1,0.414,1.4,2.1,0.667,0.636,0.3,0.3,1,0.6,1.6,2.1,0.6,0,0.1,0.3,1.3,8.3
155,Joakim Noah,C,34,LAC,2,0,1,0,0,,0,0,,0,0,,,0,0,,0,0,0,0,0,0,0,0,0
156,Nerlens Noel,C,25,OKC,7,0,13.9,1.1,2.4,0.471,0,0.1,0,1.1,2.3,0.5,0.471,0.7,1.4,0.5,0.7,3.4,4.1,0.4,0.3,0.7,0.3,2.1,3
157,Kendrick Nunn,PG,24,MIA,15,0,15.9,2.4,6.1,0.391,0.8,2.9,0.279,1.6,3.3,0.49,0.457,0.5,0.5,1,0.2,1.9,2.1,1.3,0.2,0.2,0.8,1.4,6.1
158,Jusuf Nurkić,C,25,POR,5,5,32.2,5,11.4,0.439,0.6,2.2,0.273,4.4,9.2,0.478,0.465,3.6,4.6,0.783,2.8,7.6,10.4,3.6,1.4,0.2,2.6,4.2,14.2
159,Royce O'Neale,SF,26,UTA,7,7,35.6,1.9,4.6,0.406,1.4,3.1,0.455,0.4,1.4,0.3,0.563,0.4,0.9,0.5,0.4,5,5.4,2.7,1.3,0.3,1.9,3.6,5.6
160,Kyle O'Quinn,C,29,PHI,1,0,6,0,0,,0,0,,0,0,,,0,0,,0,1,1,1,0,0,2,3,0
161,Semi Ojeleye,PF,25,BOS,13,0,9.4,0.5,2.2,0.25,0.4,1.8,0.217,0.2,0.4,0.4,0.339,0.2,0.2,1,0.2,0.8,0.9,0.1,0.2,0,0.1,0.7,1.6
162,Victor Oladipo,SG,27,IND,4,4,30.8,5.5,14,0.393,3,8.3,0.364,2.5,5.8,0.435,0.5,3.8,4,0.938,0,3.3,3.3,2.5,2.3,0,3.5,3.5,17.8
163,Kelly Olynyk,C,28,MIA,17,0,15.2,2.6,5.6,0.474,1,2.9,0.347,1.6,2.7,0.609,0.563,1.4,1.6,0.821,0.8,3.9,4.6,1.1,0.2,0.5,0.8,2.1,7.6
164,Miye Oni,SF,22,UTA,2,0,7,1.5,3,0.5,0.5,2,0.25,1,1,1,0.583,0,0,,1,1,2,0,0.5,0.5,0.5,1,3.5
165,Patrick Patterson,PF,30,LAC,2,0,5,1.5,1.5,1,1.5,1.5,1,0,0,,1.5,0,0,,0,0.5,0.5,2,0,0,0,0.5,4.5
166,Chris Paul,PG,34,OKC,7,7,37.3,7.9,16,0.491,2.3,6.1,0.372,5.6,9.9,0.565,0.563,3.3,3.7,0.885,0.4,7,7.4,5.3,1.6,0.4,3.3,2.6,21.3
167,Norvel Pelle,C,26,PHI,1,0,7,0,0,,0,0,,0,0,,,0,0,,0,0,0,0,1,1,0,0,0
168,Mason Plumlee,C,29,DEN,19,0,10.8,1,2.1,0.487,0,0.1,0,1,2,0.5,0.487,0.4,0.6,0.667,1.6,1.6,3.2,1.3,0.2,0.4,0.6,2.1,2.4
169,Vincent Poirier,C,26,BOS,1,0,2,0,0,,0,0,,0,0,,,0,0,,0,0,0,1,1,0,0,0,0
170,Michael Porter Jr.,SF,21,DEN,19,3,23.7,4.1,8.6,0.476,1.8,4.7,0.382,2.3,3.9,0.587,0.579,1.4,1.8,0.743,1.1,5.6,6.7,0.8,0.7,0.3,1.3,2.3,11.4
171,Kristaps Porziņģis,C,24,DAL,3,3,31.3,7,13.3,0.525,3,5.7,0.529,4,7.7,0.522,0.638,6.7,7.7,0.87,1,7.7,8.7,0.7,0,1,1,3,23.7
172,Norman Powell,SG,26,TOR,11,0,24.8,4.6,9.5,0.49,2,4.7,0.423,2.6,4.7,0.558,0.596,2.1,2.6,0.793,0.4,2,2.4,1,0.5,0.3,1,2.6,13.4
173,Josh Reaves,SF,22,DAL,2,0,4.5,0.5,1.5,0.333,0,0.5,0,0.5,1,0.5,0.333,1,1,1,0,1,1,0.5,0,0.5,0.5,0.5,2
174,Josh Richardson,SG,26,PHI,4,4,36,5,14,0.357,2.5,7,0.357,2.5,7,0.357,0.446,4.3,4.5,0.944,1,2.8,3.8,3.3,0.5,0.5,2,3,16.8
175,Austin Rivers,SG,27,HOU,12,0,17.6,1.6,5.1,0.311,0.8,2.9,0.257,0.8,2.2,0.385,0.385,0.8,1.1,0.769,0.2,2.3,2.5,1.3,0.6,0.1,0.7,1.8,4.8
176,Andre Roberson,SF,28,OKC,1,0,3,0,1,0,0,1,0,0,0,,0,0,0,,0,0,0,0,0,0,0,1,0
177,Duncan Robinson,SG,25,MIA,21,21,28.6,3.6,8.4,0.426,3,7.4,0.397,0.6,1,0.65,0.602,1.6,1.8,0.868,0.2,2.5,2.8,1.8,0.7,0.3,0.8,3.1,11.7
178,Rajon Rondo,PG,33,LAL,16,0,24.7,3.4,7.6,0.455,1.3,3.1,0.4,2.2,4.4,0.493,0.537,0.8,1.2,0.684,0.8,3.5,4.3,6.6,1.4,0.1,2.1,2.3,8.9
179,Terrence Ross,SG,28,ORL,5,0,27,6,12.8,0.469,2,6,0.333,4,6.8,0.588,0.547,2.4,2.8,0.857,0.2,4.2,4.4,1,0.8,0.2,1.6,2.8,16.4
180,JaKarr Sampson,PF,26,IND,4,0,12.5,2.5,4,0.625,0,0,,2.5,4,0.625,0.625,0,0,,0.3,3,3.3,1,0.5,0,0.5,2.5,5
181,Dennis Schröder,PG,26,OKC,7,0,32.4,6.3,15.6,0.404,1.9,6.4,0.289,4.4,9.1,0.484,0.463,2.9,3.6,0.8,0.3,3.4,3.7,3.6,0.6,0.1,2.4,2.1,17.3
182,Mike Scott,PF,31,PHI,4,0,5,0.3,1.3,0.2,0,0.5,0,0.3,0.8,0.333,0.2,1,1,1,0.5,1.5,2,0.3,0,0,0,0.5,1.5
183,Landry Shamet,SG,22,LAC,13,4,18.7,1.8,4.5,0.407,1.2,3.2,0.357,0.7,1.3,0.529,0.534,0.4,0.5,0.714,0,1.7,1.7,1.3,0.5,0.2,1,1.4,5.2
184,Pascal Siakam,PF,25,TOR,11,11,38,6.5,16.5,0.396,0.9,4.8,0.189,5.6,11.7,0.481,0.423,3,4.2,0.717,1.3,6.3,7.5,3.8,1.1,0.4,2,3,17
185,Anfernee Simons,SG,20,POR,4,0,20.5,2,6.5,0.308,1.5,3.5,0.429,0.5,3,0.167,0.423,1.3,1.5,0.833,0.3,2.5,2.8,2.5,1.5,0,1,1.8,6.8
186,Marcus Smart,SG,25,BOS,17,16,38.1,4.6,11.6,0.394,2.4,7.2,0.333,2.2,4.4,0.493,0.497,2.9,3.3,0.875,0.6,4.6,5.2,4.6,1.2,0.5,2.6,3.2,14.5
187,J.R. Smith,SG,34,LAL,10,0,7.5,0.7,2.6,0.269,0.6,2.2,0.273,0.1,0.4,0.25,0.385,0,0,,0,0.3,0.3,0.3,0.2,0,0.7,1.1,2
188,Edmond Sumner,SG,24,IND,3,0,13.7,0.7,2.3,0.286,0,1,0,0.7,1.3,0.5,0.286,0.7,0.7,1,0.3,1.7,2,0,0,0,0.7,1.7,2
189,Jayson Tatum,PF,21,BOS,17,17,40.6,8.5,19.6,0.434,2.8,7.4,0.373,5.8,12.2,0.471,0.504,5.9,7.2,0.813,1.3,8.7,10,5,1,1.2,2.8,2.4,25.7
190,Garrett Temple,SG,33,BRK,4,4,34.3,4.3,12.3,0.347,2.3,9,0.25,2,3.3,0.615,0.439,1.3,1.5,0.833,0,2.8,2.8,2,0.8,0.3,1.5,3,12
191,Daniel Theis,C,27,BOS,17,17,28.4,3.6,6.9,0.521,0.2,1.5,0.154,3.4,5.4,0.626,0.538,1.5,1.9,0.788,1.9,5.2,7.1,1.5,0.4,1.2,0.9,3.9,8.9
192,Lance Thomas,PF,31,BRK,3,0,5.7,0.3,1.7,0.2,0,0.7,0,0.3,1,0.333,0.2,0.7,1.3,0.5,0.3,0.7,1,0,0,0.3,0,0.7,1.3
193,Matt Thomas,SG,25,TOR,10,0,8.4,1.3,2.1,0.619,0.5,1.2,0.417,0.8,0.9,0.889,0.738,0,0,,0.1,1.3,1.4,0.7,0.1,0.1,0.1,0.6,3.1
194,Matisse Thybulle,SG,22,PHI,4,1,18.8,0.8,1.8,0.429,0.3,1,0.25,0.5,0.8,0.667,0.5,0,0,,0.3,1.5,1.8,0.5,0.8,0.3,0.5,1.5,1.8
195,Gary Trent Jr.,SF,21,POR,5,1,30.6,3.2,9,0.356,2,4.8,0.417,1.2,4.2,0.286,0.467,1.2,1.4,0.857,1,1,2,0.6,0.8,0,1,3.2,9.6
196,P.J. Tucker,PF,34,HOU,12,12,34.5,2.9,7.3,0.398,2.1,5.6,0.373,0.8,1.8,0.476,0.54,0,0,,1.9,5.3,7.2,1.5,1.1,0.3,1,3.9,7.9
197,Rayjon Tucker,SG,22,UTA,2,0,5.5,1,2.5,0.4,0.5,1.5,0.333,0.5,1,0.5,0.5,0,0,,0,0,0,0,0,0,0.5,0.5,2.5
198,Myles Turner,C,23,IND,4,4,36.5,6.3,11,0.568,1.5,3.5,0.429,4.8,7.5,0.633,0.636,1.8,4,0.438,2.8,8,10.8,0.8,0.5,4,2.3,3.3,15.8
199,Fred VanVleet,SG,25,TOR,11,11,39.1,6.9,17.3,0.4,3.9,10,0.391,3,7.3,0.413,0.513,1.9,2.3,0.84,0.5,3.9,4.4,6.9,1.6,0.6,2,2.5,19.6
200,Gabe Vincent,PG,23,MIA,1,0,0,0,0,,0,0,,0,0,,,0,0,,0,0,0,0,0,0,0,0,0
201,Noah Vonleh,C,24,DEN,1,0,3,0,1,0,0,0,,0,1,0,0,0,0,,0,0,0,0,0,0,0,0,0
202,Nikola Vučević,C,29,ORL,5,5,37,11.2,22.2,0.505,3.6,8.8,0.409,7.6,13.4,0.567,0.586,2,2.2,0.909,1.8,9.2,11,4,0.8,0.6,2.6,2.6,28
203,Dion Waiters,SG,28,LAL,5,0,7.6,0.8,2.4,0.333,0,0.8,0,0.8,1.6,0.5,0.333,0.4,0.4,1,0,0.4,0.4,0.4,0.2,0.2,0.2,0.4,2
204,Kemba Walker,PG,29,BOS,17,17,36.9,6.6,15.1,0.441,2.3,7.4,0.31,4.4,7.6,0.569,0.518,4.1,4.8,0.852,0.4,3.7,4.1,5.1,0.9,0.4,1.9,2.5,19.6
205,Brad Wanamaker,PG,30,BOS,17,0,16.1,1.7,3.5,0.483,0.7,1.6,0.444,1,1.9,0.515,0.583,0.8,0.9,0.875,0.1,1.9,2,1.8,0.7,0.2,1.1,1.9,4.9
206,T.J. Warren,SF,26,IND,4,4,39,8,17,0.471,1.8,4.8,0.368,6.3,12.3,0.51,0.522,2.3,2.3,1,1.3,5,6.3,3,2.3,0.3,2.8,4,20
207,Tremont Waters,PG,22,BOS,1,0,2,0,1,0,0,1,0,0,0,,0,0,0,,0,1,1,1,0,0,0,0,0
208,Paul Watson,SF,25,TOR,2,0,4.5,0.5,1,0.5,0,0,,0.5,1,0.5,0.5,0,0,,0,0,0,0.5,0.5,0,0,0,1
209,Russell Westbrook,PG,31,HOU,8,8,32.8,7.4,17.5,0.421,1,4.1,0.242,6.4,13.4,0.477,0.45,2.1,4,0.531,1.4,5.6,7,4.6,1.5,0.3,3.8,2.9,17.9
210,Hassan Whiteside,C,30,POR,5,3,21.2,2.6,4.8,0.542,0.2,0.2,1,2.4,4.6,0.522,0.563,1.4,2.8,0.5,1.4,5.6,7,0.4,0.2,2,1.2,3.4,6.8
211,Grant Williams,PF,21,BOS,17,0,10,0.9,1.5,0.577,0.6,1,0.588,0.3,0.5,0.556,0.769,0.4,0.6,0.7,0.4,1.1,1.5,0.4,0.1,0.3,0.2,1.9,2.8
212,Lou Williams,PG,33,LAC,13,0,26.2,4.8,11.2,0.425,0.9,3.9,0.235,3.8,7.3,0.526,0.466,2.3,2.8,0.811,0.5,2.6,3.2,4.2,0.8,0.2,1.6,1.4,12.8
213,Marvin Williams,PF,33,MIL,10,0,17.9,2.1,4.7,0.447,1,2.3,0.435,1.1,2.4,0.458,0.553,0.3,0.3,1,1.3,3.5,4.8,0.9,0.5,0.3,0.3,1.4,5.5
214,Robert Williams,C,22,BOS,13,0,11.5,1.8,2.4,0.742,0,0.1,0,1.8,2.3,0.767,0.742,0.2,0.5,0.333,1.7,2.2,3.9,0.8,0.2,0.5,0.5,1.4,3.7
215,Nigel Williams-Goss,PG,25,UTA,1,0,2,0,0,,0,0,,0,0,,,0,0,,0,0,0,1,0,0,0,0,0
216,Delon Wright,PG,27,DAL,4,0,13.3,1.5,2.5,0.6,0.3,0.5,0.5,1.3,2,0.625,0.65,0.8,1.3,0.6,0.3,0.5,0.8,1.8,1.3,0,1.3,0.5,4
217,Ivica Zubac,C,22,LAC,13,13,24.6,3.4,6,0.564,0,0,,3.4,6,0.564,0.564,2.3,2.8,0.811,2.4,4.8,7.2,0.6,0.2,0.8,0.9,2.6,9.1